<?xml version="1.0" encoding="UTF-8" standalone="no"?>
<!-- Generated 27-ene-2019 20:12:02 by Hibernate Tools 5.2.11.Final --><!DOCTYPE hibernate-mapping PUBLIC "-//Hibernate/Hibernate Mapping DTD 3.0//EN" "http://www.hibernate.org/dtd/hibernate-mapping-3.0.dtd">
<hibernate-mapping auto-import="true" default-access="property" default-cascade="none" default-lazy="true">
    <class catalog="mydb" dynamic-insert="false" dynamic-update="false" mutable="true" name="tables.Client" optimistic-lock="version" polymorphism="implicit" select-before-update="false" table="client">
        <id name="idclient" type="java.lang.Integer">
            <column name="idclient"/>
            <generator class="identity"/>
        </id>
        <property generated="never" lazy="false" name="name" optimistic-lock="true" type="string" unique="false">
            <column length="45" name="name"/>
        </property>
        <property generated="never" lazy="false" name="adress" optimistic-lock="true" type="string" unique="false">
            <column length="45" name="adress"/>
        </property>
        <property generated="never" lazy="false" name="dni" optimistic-lock="true" type="string" unique="false">
            <column length="45" name="DNI"/>
        </property>
        <property generated="never" lazy="false" name="telephone" optimistic-lock="true" type="string" unique="false">
            <column length="45" name="telephone"/>
        </property>
        <set embed-xml="true" fetch="select" inverse="true" lazy="true" mutable="true" name="reservations" optimistic-lock="true" sort="unsorted" table="reservation">
            <key on-delete="noaction">
                <column name="client_idclient" not-null="true"/>
            </key>
            <one-to-many class="tables.Reservation" embed-xml="true" not-found="exception"/>
        </set>
    </class>
</hibernate-mapping>
